date_test,Background,Allele,Sex,Fly,h201,sugar1,salt1,h202,sugar2,salt2,h203,Sugar_before_salt,Salt,Salt_conc
11.14,sam,wt,f,1,0,0,0,0,1,0,1,n,KCl,100
11.14,sam,wt,f,2,0,0,0,0,0,0,0,n,KCl,100
11.14,sam,wt,f,3,0,0,0,0,0,0,0,n,KCl,100
11.14,sam,wt,f,4,0,0,0,0,1,0,0,n,KCl,100
11.14,sam,wt,f,5,0,1,0,1,1,0,1,n,KCl,100
11.14,sam,wt,f,6,0,1,0,0,1,1,1,n,KCl,100
11.14,sam,wt,m,1,0,0,1,0,0,0,0,n,KCl,100
11.14,sam,wt,m,2,0,0,0,0,1,1,0,n,KCl,100
11.14,sam,wt,m,3,0,0,0,0,0,0,0,n,KCl,100
11.14,sam,wt,m,4,0,0,0,0,1,0,0,n,KCl,100
11.14,sam,wt,m,5,0,0,0,0,0,0,0,n,KCl,100
11.14,sam,sde3,f,1,0,1,1,0,1,1,0,n,KCl,100
11.14,sam,sde3,f,2,0,0,0,1,1,1,1,n,KCl,100
11.14,sam,sde3,f,3,0,0,0,0,0,0,0,n,KCl,100
11.14,sam,sde3,f,4,0,0,0,0,1,0,0,n,KCl,100
11.14,sam,sde3,f,5,0,0,0,0,0,0,0,n,KCl,100
11.14,sam,sde3,f,6,0,1,0,0,1,0,0,n,KCl,100
11.14,sam,sde3,m,1,0,0,1,0,1,1,0,n,KCl,100
11.14,sam,sde3,m,2,0,0,0,0,0,0,0,n,KCl,100
11.14,sam,sde3,m,3,0,0,0,0,0,0,1,n,KCl,100
11.14,sam,sde3,m,4,0,0,0,0,0,0,0,n,KCl,100
11.14,sam,sde3,m,5,0,1,1,0,1,0,0,n,KCl,100
11.14,sam,sde3,m,6,0,1,0,1,1,1,1,n,KCl,100
11.15,sam,sde3,f,7,0,0,0,0,0,0,0,y,KCl,100
11.15,sam,sde3,f,8,0,0,0,0,0,0,0,y,KCl,100
11.15,sam,sde3,f,9,0,0,0,0,0,0,0,y,KCl,100
11.15,sam,sde3,f,10,0,0,0,0,0,0,0,y,KCl,100
11.15,sam,sde3,m,7,0,0,0,0,0,1,0,y,KCl,100
11.15,sam,sde3,m,8,0,1,0,0,1,0,0,y,KCl,100
11.15,sam,sde3,m,9,1,1,1,1,1,1,1,y,KCl,100
11.15,sam,sde3,m,10,0,0,1,0,0,0,0,y,KCl,100
11.15,sam,wt,f,1,0,0,0,0,0,0,0,y,KCl,100
11.15,sam,wt,f,2,0,1,1,0,0,0,0,y,KCl,100
11.15,sam,wt,f,3,1,1,1,0,0,0,0,y,KCl,100
11.15,sam,wt,f,4,0,0,0,0,0,0,0,y,KCl,100
11.15,sam,wt,m,1,0,0,0,0,0,0,0,y,KCl,100
11.15,sam,wt,m,2,0,0,0,0,0,0,0,y,KCl,100
11.15,sam,wt,m,3,0,0,0,0,0,0,0,y,KCl,100
11.15,sam,wt,m,4,0,0,0,0,0,0,0,y,KCl,100
11.19,ore,wt,m,1,1,1,0,1,1,1,1,n,KCl,100
11.19,ore,wt,m,2,0,0,0,0,0,0,0,n,KCl,100
11.19,ore,wt,m,3,0,0,0,1,0,0,0,n,KCl,100
11.19,ore,wt,m,4,1,1,1,1,1,0,1,n,KCl,100
11.19,ore,wt,m,5,0,0,0,0,0,0,0,n,KCl,100
11.19,ore,wt,m,6,0,0,0,0,0,0,0,n,KCl,100
11.19,ore,wt,m,7,0,1,1,0,1,1,0,n,KCl,100
11.19,ore,wt,m,8,0,1,0,0,0,0,0,n,KCl,100
11.19,ore,wt,f,1,0,0,0,0,0,0,0,n,KCl,100
11.19,ore,wt,f,2,0,1,0,0,1,0,0,n,KCl,100
11.19,ore,wt,f,3,0,0,0,0,1,0,0,n,KCl,100
11.19,ore,wt,f,4,0,0,0,0,0,0,0,n,KCl,100
11.19,ore,wt,f,5,0,1,1,0,0,1,0,n,KCl,100
11.19,ore,wt,f,6,0,0,0,0,0,0,0,n,KCl,100
11.19,ore,wt,f,7,0,1,0,0,0,0,0,n,KCl,100
11.19,ore,wt,f,8,1,1,1,1,1,1,1,n,KCl,100
11.19,ore,sde3,m,1,0,0,0,0,0,0,0,n,KCl,100
11.19,ore,sde3,m,2,0,0,0,0,0,0,0,n,KCl,100
11.19,ore,sde3,m,3,0,0,0,0,0,0,1,n,KCl,100
11.19,ore,sde3,m,4,0,0,0,0,1,0,0,n,KCl,100
11.19,ore,sde3,m,5,0,1,1,0,0,0,0,n,KCl,100
11.19,ore,sde3,m,6,0,0,0,0,0,0,0,n,KCl,100
11.19,ore,sde3,m,7,0,1,0,0,1,0,0,n,KCl,100
11.19,ore,sde3,m,8,0,1,0,0,0,0,0,n,KCl,100
11.19,ore,sde3,f,1,0,0,0,0,0,0,0,n,KCl,100
11.19,ore,sde3,f,2,0,0,0,0,0,0,0,n,KCl,100
11.19,ore,sde3,f,3,0,0,0,0,0,0,0,n,KCl,100
11.19,ore,sde3,f,4,0,0,0,0,0,0,0,n,KCl,100
11.19,ore,sde3,f,5,1,0,0,0,1,0,0,n,KCl,100
11.19,ore,sde3,f,6,1,1,0,1,1,0,1,n,KCl,100
11.19,ore,sde3,f,7,0,1,1,0,1,0,0,n,KCl,100
11.19,,BC_12_Short_R1,m,1,0,0,0,0,0,0,0,n,KCl,100
11.19,,BC_12_Short_R1,m,2,0,0,0,0,0,0,0,n,KCl,100
11.19,,BC_12_Short_R1,m,3,0,0,0,0,0,0,0,n,KCl,100
11.19,,BC_12_Short_R1,m,4,0,0,0,0,0,0,0,n,KCl,100
11.19,,BC_12_Short_R1,m,5,0,1,1,0,1,1,0,n,KCl,100
11.19,,BC_12_Short_R1,m,6,0,1,0,1,1,1,1,n,KCl,100
11.19,,BC_12_Short_R1,f,1,0,0,0,0,0,0,0,n,KCl,100
11.19,,BC_12_Short_R1,f,2,0,0,0,0,0,0,0,n,KCl,100
11.19,,BC_12_Short_R1,f,3,0,0,0,0,0,0,0,n,KCl,100
11.19,,BC_12_Short_R1,f,4,0,0,0,0,0,0,0,n,KCl,100
11.19,,BC_12_Short_R1,f,5,0,0,0,0,0,0,0,n,KCl,100
11.19,,BC_12_Short_R1,f,6,0,0,0,0,0,0,0,n,KCl,100
11.19,,BC_20_Long_R1,m,1,0,1,0,0,0,1,1,n,KCl,100
11.19,,BC_20_Long_R1,m,2,0,1,0,1,1,1,1,n,KCl,100
11.19,,BC_20_Long_R1,m,3,0,1,0,0,0,1,0,n,KCl,100
11.19,,BC_20_Long_R1,m,4,0,0,0,0,0,0,0,n,KCl,100
11.19,,BC_20_Long_R1,m,5,0,1,0,0,1,0,0,n,KCl,100
11.19,,BC_20_Long_R1,m,6,0,0,0,0,0,0,0,n,KCl,100
11.19,,BC_20_Long_R1,m,7,0,0,1,1,1,0,0,n,KCl,100
11.19,,BC_20_Long_R1,m,8,1,1,1,0,1,1,0,n,KCl,100
11.19,,BC_20_Long_R1,f,1,1,1,1,1,1,1,1,n,KCl,100
11.19,,BC_20_Long_R1,f,2,0,1,0,0,1,0,0,n,KCl,100
11.19,,BC_20_Long_R1,f,3,0,1,0,0,1,0,1,n,KCl,100
11.19,,BC_20_Long_R1,f,4,0,0,0,0,1,0,0,n,KCl,100
11.19,,BC_20_Long_R1,f,5,0,1,1,0,1,1,0,n,KCl,100
11.19,,BC_20_Long_R1,f,6,0,0,0,0,0,0,0,n,KCl,100
11.19,,BC_20_Long_R1,f,7,0,1,0,0,0,0,0,n,KCl,100
11.19,,BC_20_Long_R1,f,8,0,1,1,0,1,1,0,n,KCl,100
11.19,sam,wt,f,1,0,1,0,0,1,0,0,n,KCl,100
11.19,sam,wt,f,2,1,1,1,1,1,1,1,n,KCl,100
11.19,sam,wt,f,3,0,1,0,0,0,0,0,n,KCl,100
11.19,sam,wt,f,4,0,0,0,0,0,1,0,n,KCl,100
11.19,sam,wt,m,1,0,0,0,0,0,0,0,n,KCl,100
11.19,sam,wt,m,2,0,1,0,0,0,0,1,n,KCl,100
11.19,sam,wt,m,3,0,0,0,0,0,0,0,n,KCl,100
11.19,sam,wt,m,4,0,0,0,0,0,0,0,n,KCl,100
11.2,ore,wt,f,1,0,1,0,0,0,0,0,y,KCl,100
11.2,ore,wt,f,2,1,1,0,0,1,0,0,y,KCl,100
11.2,ore,wt,f,3,0,1,0,0,1,0,0,y,KCl,100
11.2,ore,wt,f,5,1,0,0,0,0,0,1,y,KCl,100
11.2,ore,wt,f,7,1,1,0,0,1,0,1,y,KCl,100
11.2,ore,wt,f,8,0,1,1,0,1,0,1,y,KCl,100
11.2,ore,wt,m,1,0,1,0,0,0,0,0,y,KCl,100
11.2,ore,wt,m,2,0,0,0,0,0,0,0,y,KCl,100
11.2,ore,wt,m,3,0,0,0,0,0,0,0,y,KCl,100
11.2,ore,wt,m,4,0,0,0,0,0,0,0,y,KCl,100
11.2,ore,wt,m,5,0,1,0,0,1,1,0,y,KCl,100
11.2,ore,wt,m,6,0,1,0,1,1,1,1,y,KCl,100
11.2,ore,wt,m,7,1,1,1,1,1,1,1,y,KCl,100
11.2,ore,wt,m,8,0,0,0,0,0,0,0,y,KCl,100
11.2,ore,sde3,m,1,0,0,0,0,0,0,0,y,KCl,100
11.2,ore,sde3,m,2,0,1,1,0,1,1,0,y,KCl,100
11.2,ore,sde3,m,3,0,1,1,0,1,0,1,y,KCl,100
11.2,ore,sde3,m,4,0,0,0,0,0,0,0,y,KCl,100
11.2,ore,sde3,m,5,0,1,0,0,1,0,0,y,KCl,100
11.2,ore,sde3,m,6,1,1,0,0,1,0,0,y,KCl,100
11.2,ore,sde3,m,7,0,1,0,0,1,0,0,y,KCl,100
11.2,ore,sde3,m,8,0,1,0,0,1,0,0,y,KCl,100
11.2,ore,sde3,f,1,0,0,0,0,0,0,0,y,KCl,100
11.2,ore,sde3,f,2,0,0,0,0,0,0,0,y,KCl,100
11.2,ore,sde3,f,3,0,1,0,1,1,0,1,y,KCl,100
11.2,ore,sde3,f,4,0,0,0,0,0,0,0,y,KCl,100
11.2,ore,sde3,f,5,1,0,0,0,0,0,0,y,KCl,100
11.2,ore,sde3,f,6,0,0,0,0,0,0,0,y,KCl,100
11.2,ore,sde3,f,7,1,1,0,0,0,0,0,y,KCl,100
11.2,ore,sde3,f,8,0,0,0,0,0,0,0,y,KCl,100
11.2,,BC_20_Long_R1,m,1,0,1,0,0,1,1,0,y,KCl,100
11.2,,BC_20_Long_R1,m,2,1,1,0,1,1,0,0,y,KCl,100
11.2,,BC_20_Long_R1,m,3,0,0,0,0,0,0,0,y,KCl,100
11.2,,BC_20_Long_R1,m,4,0,0,0,0,0,0,0,y,KCl,100
11.2,,BC_20_Long_R1,m,5,0,1,1,0,1,1,0,y,KCl,100
11.2,,BC_20_Long_R1,m,6,0,0,1,1,1,0,0,y,KCl,100
11.2,,BC_20_Long_R1,m,7,0,0,1,1,1,1,1,y,KCl,100
11.2,,BC_20_Long_R1,f,1,0,0,0,1,1,0,0,y,KCl,100
11.2,,BC_20_Long_R1,f,2,0,0,0,0,0,0,0,y,KCl,100
11.2,,BC_20_Long_R1,f,3,0,0,0,0,0,0,1,y,KCl,100
11.2,,BC_20_Long_R1,f,4,0,0,1,0,0,0,1,y,KCl,100
11.2,,BC_20_Long_R1,f,5,0,0,0,0,0,0,0,y,KCl,100
11.2,,BC_20_Long_R1,f,6,1,0,0,0,0,0,0,y,KCl,100
11.2,,BC_20_Long_R1,f,7,0,0,1,0,1,1,0,y,KCl,100
11.2,,BC_20_Long_R1,f,8,0,0,0,0,1,0,0,y,KCl,100
11.2,,BC_12_Short_R1,m,1,0,0,0,0,0,0,0,y,KCl,100
11.2,,BC_12_Short_R1,m,2,0,0,0,0,0,0,0,y,KCl,100
11.2,,BC_12_Short_R1,m,3,0,0,0,0,0,0,0,y,KCl,100
11.2,,BC_12_Short_R1,m,4,0,0,0,0,0,0,0,y,KCl,100
11.2,,BC_12_Short_R1,m,5,0,0,0,0,0,0,0,y,KCl,100
11.2,,BC_12_Short_R1,m,6,0,1,1,0,0,0,0,y,KCl,100
11.2,,BC_12_Short_R1,m,7,0,1,0,0,0,0,0,y,KCl,100
11.2,,BC_12_Short_R1,m,8,0,1,1,0,1,0,0,y,KCl,100
11.2,,BC_12_Short_R1,f,1,0,0,0,0,0,0,0,y,KCl,100
11.2,,BC_12_Short_R1,f,2,0,0,0,0,0,0,0,y,KCl,100
11.2,,BC_12_Short_R1,f,3,0,0,0,0,0,0,0,y,KCl,100
11.2,,BC_12_Short_R1,f,4,0,0,0,0,0,0,0,y,KCl,100
11.2,,BC_12_Short_R1,f,5,0,0,0,0,1,0,0,y,KCl,100
11.2,,BC_12_Short_R1,f,6,0,0,0,0,0,0,0,y,KCl,100
11.2,,BC_12_Short_R1,f,7,0,0,0,0,0,0,0,y,KCl,100
11.2,,BC_12_Short_R1,f,8,0,0,0,0,0,0,0,y,KCl,100
11.2,sam,wt,m,1,0,0,0,0,0,0,0,y,KCl,100
11.2,sam,wt,m,2,0,0,0,0,0,0,0,y,KCl,100
11.2,sam,wt,m,3,0,0,0,0,0,0,0,y,KCl,100
11.2,sam,wt,m,4,1,1,1,0,1,1,1,y,KCl,100
11.2,sam,wt,m,5,0,0,0,0,0,0,0,y,KCl,100
11.2,sam,wt,m,6,0,0,0,0,1,0,0,y,KCl,100
11.2,sam,wt,m,7,0,0,0,0,0,0,0,y,KCl,100
11.2,sam,wt,m,8,0,0,0,0,0,0,0,y,KCl,100
11.2,sam,wt,f,1,0,0,0,0,0,0,0,y,KCl,100
11.2,sam,wt,f,2,0,1,1,1,1,1,0,y,KCl,100
11.2,sam,wt,f,3,0,0,0,0,0,0,0,y,KCl,100
11.2,sam,wt,f,4,0,1,0,0,1,0,1,y,KCl,100
11.2,sam,wt,f,5,0,0,0,0,0,0,0,y,KCl,100
11.2,sam,wt,f,6,0,0,0,0,0,0,0,y,KCl,100
11.2,sam,wt,f,7,0,0,0,1,1,0,0,y,KCl,100
11.2,sam,sde3,m,1,0,0,0,0,1,0,0,y,KCl,100
11.2,sam,sde3,m,2,0,1,1,0,1,1,0,y,KCl,100
11.2,sam,sde3,m,3,0,0,0,0,0,0,0,y,KCl,100
11.2,sam,sde3,m,4,0,0,0,0,0,0,0,y,KCl,100
11.2,sam,sde3,m,5,0,1,0,0,0,0,0,y,KCl,100
11.2,sam,sde3,m,6,1,1,1,1,1,1,1,y,KCl,100
11.2,sam,sde3,m,7,1,1,1,0,1,0,0,y,KCl,100
11.2,sam,sde3,f,1,0,0,0,0,0,0,0,y,KCl,100
11.2,sam,sde3,f,2,0,0,0,0,0,0,0,y,KCl,100
11.2,sam,sde3,f,3,0,0,0,0,0,0,0,y,KCl,100
11.2,sam,sde3,f,4,0,1,1,0,1,0,0,y,KCl,100
11.2,sam,sde3,f,5,0,1,0,0,1,0,0,y,KCl,100
11.21,ore,wt,m,1,0,0,0,0,0,0,0,n,KCl,100
11.21,ore,wt,m,2,0,1,0,1,1,0,0,n,KCl,100
11.21,ore,wt,m,3,0,0,0,0,0,0,1,n,KCl,100
11.21,ore,wt,m,4,0,0,0,0,0,0,0,n,KCl,100
11.21,ore,wt,m,5,0,1,1,1,1,1,0,n,KCl,100
11.21,ore,wt,f,1,0,1,1,1,1,1,1,n,KCl,100
11.21,ore,wt,f,2,1,1,1,1,1,1,1,n,KCl,100
11.21,ore,wt,f,3,1,0,0,0,0,0,0,n,KCl,100
11.21,ore,wt,f,4,0,0,0,0,1,0,0,n,KCl,100
11.21,ore,wt,f,5,0,0,0,0,0,0,0,n,KCl,100
11.21,ore,wt,f,6,1,1,1,0,1,1,1,n,KCl,100
11.21,ore,sde3,m,1,0,1,0,0,1,0,0,n,KCl,100
11.21,ore,sde3,m,2,0,0,0,0,0,0,0,n,KCl,100
11.21,ore,sde3,m,3,0,1,0,0,1,0,0,n,KCl,100
11.21,ore,sde3,m,4,0,1,0,0,1,1,0,n,KCl,100
11.21,ore,sde3,m,5,0,0,0,0,0,0,0,n,KCl,100
11.21,ore,sde3,m,6,1,0,0,0,1,0,0,n,KCl,100
11.21,ore,sde3,f,1,1,0,1,1,1,1,1,n,KCl,100
11.21,ore,sde3,f,2,1,1,1,0,0,0,0,n,KCl,100
11.21,ore,sde3,f,3,0,1,0,0,0,0,1,n,KCl,100
11.21,ore,sde3,f,4,0,1,0,0,1,1,0,n,KCl,100
11.21,ore,sde3,f,5,0,1,1,1,1,1,0,n,KCl,100
11.21,ore,sde3,f,6,0,0,0,0,0,0,0,n,KCl,100
11.21,sam,wt,f,1,1,1,0,1,1,1,0,n,KCl,100
11.21,sam,wt,f,2,0,1,0,0,0,1,0,n,KCl,100
11.21,sam,wt,f,3,0,0,0,0,0,0,0,n,KCl,100
11.21,sam,wt,f,4,0,1,1,0,1,1,0,n,KCl,100
11.21,sam,wt,f,5,0,0,0,0,0,0,0,n,KCl,100
11.21,sam,wt,f,6,1,1,1,1,1,1,1,n,KCl,100
11.21,sam,wt,m,1,0,1,0,0,0,1,0,n,KCl,100
11.21,sam,wt,m,2,1,1,1,1,1,1,1,n,KCl,100
11.21,sam,wt,m,3,0,0,0,0,0,0,0,n,KCl,100
11.21,sam,wt,m,4,0,0,0,0,0,0,0,n,KCl,100
11.21,sam,wt,m,5,0,0,0,0,1,0,0,n,KCl,100
11.21,sam,wt,m,6,0,0,0,0,0,0,0,n,KCl,100
11.21,sam,sde3,m,1,0,0,0,0,0,0,0,n,KCl,100
11.21,sam,sde3,m,2,0,0,0,0,0,0,0,n,KCl,100
11.21,sam,sde3,m,3,0,0,0,0,0,0,0,n,KCl,100
11.21,sam,sde3,m,4,0,0,0,0,1,0,0,n,KCl,100
11.21,sam,sde3,m,5,0,1,0,1,1,0,0,n,KCl,100
11.21,sam,sde3,m,6,0,0,0,0,0,0,0,n,KCl,100
11.21,sam,sde3,f,1,0,1,0,0,0,0,0,n,KCl,100
11.21,sam,sde3,f,2,0,0,0,0,0,0,1,n,KCl,100
11.21,sam,sde3,f,3,0,0,0,0,1,1,0,n,KCl,100
11.21,sam,sde3,f,4,0,1,0,0,0,1,0,n,KCl,100
11.21,sam,sde3,f,5,0,0,0,0,0,0,0,n,KCl,100
11.21,sam,sde3,f,6,0,1,1,0,0,0,0,n,KCl,100
11.21,,BC_12_Short_R1,f,1,0,1,0,0,0,0,0,n,KCl,100
11.21,,BC_12_Short_R1,f,2,0,0,0,0,0,0,0,n,KCl,100
11.21,,BC_12_Short_R1,f,3,0,0,0,0,0,0,0,n,KCl,100
11.21,,BC_12_Short_R1,f,4,0,0,0,0,0,0,0,n,KCl,100
11.21,,BC_12_Short_R1,f,5,0,0,0,0,0,0,0,n,KCl,100
11.21,,BC_12_Short_R1,f,6,0,0,0,0,0,0,0,n,KCl,100
11.21,,BC_12_Short_R1,m,1,0,1,0,0,1,0,1,n,KCl,100
11.21,,BC_12_Short_R1,m,2,0,0,0,0,1,0,0,n,KCl,100
11.21,,BC_12_Short_R1,m,3,0,0,0,0,1,1,0,n,KCl,100
11.21,,BC_12_Short_R1,m,4,0,0,0,0,0,0,0,n,KCl,100
11.21,,BC_12_Short_R1,m,5,0,0,0,0,1,0,1,n,KCl,100
11.21,,BC_12_Short_R1,m,6,0,1,1,0,1,0,0,n,KCl,100
11.21,,BC_20_Long_R1,f,1,0,1,0,0,0,0,0,n,KCl,100
11.21,,BC_20_Long_R1,f,2,0,1,1,0,1,1,0,n,KCl,100
11.21,,BC_20_Long_R1,f,3,0,1,0,0,1,0,0,n,KCl,100
11.21,,BC_20_Long_R1,f,4,0,1,1,0,1,0,1,n,KCl,100
11.21,,BC_20_Long_R1,m,1,0,1,0,0,0,0,0,n,KCl,100
11.21,,BC_20_Long_R1,m,2,0,1,1,1,0,1,0,n,KCl,100
11.21,,BC_20_Long_R1,m,3,0,1,1,0,1,0,0,n,KCl,100
11.21,,BC_20_Long_R1,m,4,0,1,1,1,1,1,1,n,KCl,100
11.21,,BC_20_Long_R1,m,5,1,1,0,1,1,0,1,n,KCl,100
12.03,sam,sde3,f,1,0,0,0,0,0,0,0,y,KCl,100
12.03,sam,sde3,f,2,0,0,0,0,0,0,0,y,KCl,100
12.03,sam,sde3,f,3,0,0,0,0,0,0,0,y,KCl,100
12.03,sam,sde3,f,4,0,0,0,0,0,1,0,y,KCl,100
12.03,sam,sde3,f,5,1,1,1,1,1,1,1,y,KCl,100
12.03,sam,sde3,f,6,0,1,1,0,1,1,0,y,KCl,100
12.03,sam,sde3,f,7,0,1,1,0,1,0,1,y,KCl,100
12.03,sam,sde3,f,8,0,0,1,0,1,0,0,y,KCl,100
12.03,sam,sde3,f,9,0,0,0,0,0,0,0,y,KCl,100
12.03,sam,sde3,m,1,1,1,1,0,1,0,1,y,KCl,100
12.03,sam,sde3,m,2,0,0,0,0,0,0,0,y,KCl,100
12.03,sam,sde3,m,3,0,0,1,0,0,0,0,y,KCl,100
12.03,sam,sde3,m,4,1,1,0,0,1,1,0,y,KCl,100
12.03,sam,sde3,m,5,0,0,0,0,0,0,0,y,KCl,100
12.03,sam,sde3,m,6,0,1,0,0,1,0,0,y,KCl,100
12.03,sam,wt,f,1,0,1,0,1,0,0,0,y,KCl,100
12.03,sam,wt,f,2,0,1,1,1,1,1,1,y,KCl,100
12.03,sam,wt,f,3,0,0,0,0,0,0,0,y,KCl,100
12.03,sam,wt,f,4,0,1,1,1,1,1,1,y,KCl,100
12.03,sam,wt,f,5,0,0,0,0,0,0,0,y,KCl,100
12.03,sam,wt,f,6,0,0,0,0,0,0,0,y,KCl,100
12.03,sam,wt,f,7,0,1,0,0,1,0,0,y,KCl,100
12.03,sam,wt,m,1,0,0,0,1,1,0,0,y,KCl,100
12.03,sam,wt,m,2,1,0,0,0,0,0,0,y,KCl,100
12.03,sam,wt,m,3,0,0,0,0,0,0,0,y,KCl,100
12.03,sam,wt,m,4,0,0,0,0,0,0,0,y,KCl,100
12.03,sam,wt,m,5,0,0,0,0,1,1,0,y,KCl,100
12.03,sam,wt,m,6,0,0,1,0,1,1,1,y,KCl,100
12.03,sam,wt,m,7,0,0,0,0,0,0,0,y,KCl,100
12.03,,BC_20_Long_R1,f,1,1,1,1,1,1,1,0,y,KCl,100
12.03,,BC_20_Long_R1,f,2,1,1,1,0,1,1,0,y,KCl,100
12.03,,BC_20_Long_R1,f,3,0,0,0,0,0,0,0,y,KCl,100
12.03,,BC_20_Long_R1,f,4,0,1,0,0,0,0,0,y,KCl,100
12.03,,BC_20_Long_R1,f,5,0,0,0,0,0,0,0,y,KCl,100
12.03,,BC_20_Long_R1,f,6,0,1,0,0,1,0,0,y,KCl,100
12.03,,BC_20_Long_R1,f,7,0,0,0,0,0,0,1,y,KCl,100
12.03,,BC_20_Long_R1,m,1,0,0,1,0,1,1,0,y,KCl,100
12.03,,BC_20_Long_R1,m,2,0,0,0,0,0,0,0,y,KCl,100
12.03,,BC_20_Long_R1,m,3,0,0,0,0,0,0,0,y,KCl,100
12.03,,BC_20_Long_R1,m,4,0,0,1,0,0,0,0,y,KCl,100
12.03,,BC_20_Long_R1,m,5,0,1,0,0,1,0,0,y,KCl,100
12.03,,BC_20_Long_R1,m,6,0,1,0,0,1,0,0,y,KCl,100
12.03,,BC_20_Long_R1,m,7,0,0,0,0,1,0,0,,KCl,100
12.03,,BC_12_Short_R1,m,1,0,0,0,0,0,0,0,y,KCl,100
12.03,,BC_12_Short_R1,m,2,0,0,0,0,0,0,0,y,KCl,100
12.03,,BC_12_Short_R1,m,3,0,0,0,0,0,0,0,y,KCl,100
12.03,,BC_12_Short_R1,m,4,0,0,0,0,1,0,0,y,KCl,100
12.03,,BC_12_Short_R1,m,5,0,0,0,0,0,0,0,y,KCl,100
12.03,,BC_12_Short_R1,m,6,0,0,0,0,1,0,0,y,KCl,100
12.03,,BC_12_Short_R1,m,7,1,1,1,1,1,1,1,y,KCl,100
12.03,,BC_12_Short_R1,m,8,0,0,0,0,0,0,0,y,KCl,100
12.03,,BC_12_Short_R1,f,1,0,0,0,0,0,0,0,y,KCl,100
12.03,,BC_12_Short_R1,f,2,0,0,0,0,0,0,0,y,KCl,100
12.03,,BC_12_Short_R1,f,3,0,0,0,0,0,0,0,y,KCl,100
12.03,,BC_12_Short_R1,f,4,0,0,0,0,0,0,0,y,KCl,100
12.03,,BC_12_Short_R1,f,5,0,0,0,0,0,0,0,y,KCl,100
12.03,,BC_12_Short_R1,f,6,0,0,0,0,0,0,0,y,KCl,100
12.03,,BC_12_Short_R1,f,7,0,0,0,0,0,0,0,y,KCl,100
12.03,,BC_12_Short_R1,f,8,0,0,0,0,0,0,0,y,KCl,100
12.03,ore,sde3,m,1,0,0,0,0,1,0,0,y,KCl,100
12.03,ore,sde3,m,2,0,0,0,0,1,0,0,y,KCl,100
12.03,ore,sde3,m,3,1,1,0,0,1,0,0,y,KCl,100
12.03,ore,sde3,m,4,0,1,0,0,1,0,0,y,KCl,100
12.03,ore,sde3,m,5,0,1,0,0,1,0,0,y,KCl,100
12.03,ore,sde3,m,6,0,0,0,0,0,0,1,y,KCl,100
12.03,ore,sde3,m,7,0,0,0,0,0,0,0,y,KCl,100
12.03,ore,sde3,m,8,0,0,0,0,0,0,0,y,KCl,100
12.03,ore,wt,m,1,0,1,0,0,1,0,0,y,KCl,100
12.03,ore,wt,m,2,0,1,0,0,1,0,1,  ,KCl,100
12.03,ore,wt,m,3,0,0,0,0,0,0,0,y,KCl,100
12.03,ore,wt,m,4,0,0,0,0,0,0,0,y,KCl,100
12.03,ore,wt,m,5,0,0,0,0,1,0,0,y,KCl,100
12.03,ore,wt,m,6,0,0,0,0,0,0,1,y,KCl,100
12.03,ore,wt,m,7,0,1,0,0,1,0,0,y,KCl,100
12.03,ore,wt,m,8,0,0,0,0,0,0,0,y,KCl,100
12.03,ore,wt,f,1,0,0,0,0,0,0,0,y,KCl,100
12.03,ore,wt,f,2,0,0,0,1,1,0,0,y,KCl,100
12.03,ore,wt,f,3,1,1,1,1,1,1,1,y,KCl,100
12.03,ore,wt,f,4,0,0,0,0,0,0,1,y,KCl,100
12.03,ore,wt,f,5,0,0,0,0,1,0,1,y,KCl,100
12.03,ore,wt,f,6,1,1,1,0,1,1,0,y,KCl,100
12.03,ore,wt,f,7,0,1,0,0,1,0,0,y,KCl,100
12.03,ore,sde3,f,1,0,0,0,0,0,0,0,y,KCl,100
12.03,ore,sde3,f,2,0,0,0,0,0,0,0,y,KCl,100
12.03,ore,sde3,f,3,0,1,0,0,1,0,0,y,KCl,100
12.03,ore,sde3,f,4,0,0,0,0,0,1,0,y,KCl,100
12.03,ore,sde3,f,5,0,1,0,0,0,0,0,y,KCl,100
12.03,ore,sde3,f,6,0,0,0,0,0,0,0,y,KCl,100
12.03,ore,sde3,f,7,0,1,1,0,0,1,0,y,KCl,100
12.03,ore,sde3,f,8,1,0,1,0,1,1,0,y,KCl,100
12.04,sam,sde3,f,1,0,0,0,0,0,0,0,n,KCl,100
12.04,sam,sde3,f,2,0,0,0,0,0,0,0,n,KCl,100
12.04,sam,sde3,f,3,0,0,0,0,0,0,0,n,KCl,100
12.04,sam,sde3,m,1,0,0,0,0,0,0,0,n,KCl,100
12.04,sam,sde3,m,2,0,0,0,0,0,0,0,n,KCl,100
12.04,sam,wt,m,1,0,0,0,0,0,0,0,n,KCl,100
12.04,sam,wt,m,2,0,1,0,1,1,0,0,n,KCl,100
12.04,sam,wt,m,3,0,1,0,0,1,0,1,n,KCl,100
12.04,sam,wt,f,1,0,0,1,0,1,1,0,n,KCl,100
12.04,sam,wt,f,2,0,1,0,0,1,0,0,n,KCl,100
12.04,sam,wt,f,3,0,0,0,0,0,0,0,n,KCl,100
12.04,sam,wt,f,4,0,0,0,0,0,0,0,n,KCl,100
12.04,,BC_20_Long_R1,f,1,0,1,0,0,1,0,0,n,KCl,100
12.04,,BC_20_Long_R1,f,2,0,0,0,0,1,1,0,n,KCl,100
12.04,,BC_20_Long_R1,m,1,0,1,1,0,1,0,1,n,KCl,100
12.04,,BC_20_Long_R1,m,2,0,1,0,0,0,1,0,n,KCl,100
12.04,,BC_20_Long_R1,m,3,0,1,0,0,0,0,0,n,KCl,100
12.04,,BC_20_Long_R1,m,4,0,1,0,0,1,1,1,n,KCl,100
12.04,,BC_20_Long_R1,m,5,1,1,0,0,1,0,0,n,KCl,100
12.04,,BC_20_Long_R1,m,6,1,1,0,0,0,0,0,n,KCl,100
12.04,,BC_20_Long_R1,m,7,0,1,1,0,1,1,0,n,KCl,100
12.04,,BC_12_Short_R1,f,1,0,0,0,0,0,0,0,n,KCl,100
12.04,,BC_12_Short_R1,f,2,0,0,0,0,0,0,0,n,KCl,100
12.04,,BC_12_Short_R1,f,3,0,0,0,0,0,0,0,n,KCl,100
12.04,,BC_12_Short_R1,f,4,0,0,0,0,0,0,0,n,KCl,100
12.04,,BC_12_Short_R1,f,5,0,0,0,0,0,0,0,n,KCl,100
12.04,,BC_12_Short_R1,f,6,0,0,0,0,0,0,0,n,KCl,100
12.04,,BC_12_Short_R1,f,7,0,0,0,0,0,0,0,n,KCl,100
12.04,,BC_12_Short_R1,f,8,0,1,0,0,0,0,0,n,KCl,100
12.04,,BC_12_Short_R1,m,1,0,0,0,0,0,0,0,n,KCl,100
12.04,,BC_12_Short_R1,m,2,0,0,0,0,0,0,0,n,KCl,100
12.04,,BC_12_Short_R1,m,3,0,0,0,0,0,0,0,n,KCl,100
12.04,,BC_12_Short_R1,m,4,0,0,0,0,0,0,0,n,KCl,100
12.04,,BC_12_Short_R1,m,5,0,0,0,0,0,0,0,n,KCl,100
12.04,,BC_12_Short_R1,m,6,0,0,0,0,0,0,0,n,KCl,100
12.04,,BC_12_Short_R1,m,7,0,0,0,0,0,0,0,n,KCl,100
12.04,,BC_12_Short_R1,m,8,0,0,0,0,0,0,0,n,KCl,100
12.04,ore,sde3,f,1,1,1,0,0,1,0,0,n,KCl,100
12.04,ore,sde3,f,2,0,0,0,0,0,0,0,n,KCl,100
12.04,ore,sde3,f,3,0,1,1,0,0,0,0,n,KCl,100
12.04,ore,sde3,f,4,0,0,0,0,0,0,0,n,KCl,100
12.04,ore,sde3,f,5,0,0,0,0,0,0,0,n,KCl,100
12.04,ore,sde3,f,6,0,0,1,1,0,0,0,,KCl,100
12.04,ore,sde3,f,7,0,1,0,0,1,0,0,n,KCl,100
12.04,ore,sde3,f,8,0,1,0,0,0,1,0,n,KCl,100
12.04,ore,sde3,m,1,0,0,1,0,0,0,0,n,KCl,100
12.04,ore,sde3,m,2,0,0,0,0,0,0,0,n,KCl,100
12.04,ore,sde3,m,3,0,0,0,0,0,0,0,n,KCl,100
12.04,ore,sde3,m,4,0,0,0,0,0,0,0,n,KCl,100
12.04,ore,sde3,m,5,0,0,0,0,0,0,0,n,KCl,100
12.04,ore,sde3,m,6,0,1,1,1,1,1,1,n,KCl,100
12.04,ore,sde3,m,7,0,1,0,0,1,0,1,n,KCl,100
12.04,ore,sde3,m,8,0,0,0,0,0,0,0,n,KCl,100
12.04,ore,wt,m,1,0,0,0,0,1,0,0,n,KCl,100
12.04,ore,wt,m,2,0,1,0,0,0,0,0,n,KCl,100
12.04,ore,wt,m,3,1,0,1,0,0,0,1,n,KCl,100
12.04,ore,wt,m,4,0,0,0,0,0,0,0,n,KCl,100
12.04,ore,wt,m,5,0,1,1,0,0,1,0,n,KCl,100
12.04,ore,wt,m,6,0,0,0,0,0,0,0,n,KCl,100
12.04,ore,wt,m,7,1,1,1,1,1,0,0,n,KCl,100
12.04,ore,wt,m,8,0,1,0,0,1,1,0,n,KCl,100
12.04,ore,wt,f,1,0,0,0,0,0,0,0,n,KCl,100
12.04,ore,wt,f,2,0,0,0,0,0,0,0,n,KCl,100
12.04,ore,wt,f,3,0,1,0,0,0,0,0,n,KCl,100
12.04,ore,wt,f,4,0,1,0,0,1,0,1,n,KCl,100
12.04,ore,wt,f,5,0,0,0,0,0,0,0,n,KCl,100
12.04,ore,wt,f,6,0,1,1,0,1,1,0,n,KCl,100
12.04,ore,wt,f,7,0,0,0,0,0,0,0,n,KCl,100
12.04,ore,wt,f,8,0,0,0,0,0,0,0,n,KCl,100
12.05,,BC_20_Long_R1,f,1,1,1,0,0,1,1,0,y,KCl,100
12.05,,BC_20_Long_R1,f,2,0,0,0,0,1,0,0,y,KCl,100
12.05,,BC_20_Long_R1,f,3,0,0,0,0,0,0,0,y,KCl,100
12.05,,BC_20_Long_R1,f,4,0,1,1,0,0,0,0,y,KCl,100
12.05,,BC_20_Long_R1,f,5,0,1,1,1,1,1,1,y,KCl,100
12.05,,BC_20_Long_R1,f,6,1,1,0,0,0,0,0,y,KCl,100
12.05,,BC_20_Long_R1,f,7,0,0,0,0,0,0,0,y,KCl,100
12.05,,BC_20_Long_R1,m,1,0,1,0,0,1,0,0,y,KCl,100
12.05,,BC_20_Long_R1,m,2,1,1,0,0,1,0,0,y,KCl,100
12.05,,BC_20_Long_R1,m,3,0,0,0,0,1,0,0,y,KCl,100
12.05,,BC_20_Long_R1,m,4,0,0,0,0,0,0,0,y,KCl,100
12.05,,BC_20_Long_R1,m,5,0,0,0,0,0,1,0,y,KCl,100
12.05,,BC_20_Long_R1,m,6,0,0,0,0,1,0,0,y,KCl,100
12.05,,BC_20_Long_R1,m,7,0,1,0,0,0,0,0,y,KCl,100
12.05,,BC_20_Long_R1,m,8,1,1,0,0,1,0,1,y,KCl,100
12.05,sam,sde3,f,1,0,0,0,0,0,0,0,y,KCl,100
12.05,sam,sde3,f,2,1,1,0,1,1,1,0,y,KCl,100
12.05,sam,sde3,f,3,0,0,0,0,0,0,0,y,KCl,100
12.05,sam,sde3,m,1,0,1,0,0,0,0,0,y,KCl,100
12.05,sam,sde3,m,2,0,0,0,0,0,0,0,y,KCl,100
12.05,sam,sde3,m,3,0,0,0,0,0,0,0,y,KCl,100
12.05,sam,wt,f,1,0,0,0,0,0,0,0,y,KCl,100
12.05,sam,wt,f,2,0,0,0,0,1,1,0,y,KCl,100
12.05,sam,wt,f,3,0,1,0,0,0,0,0,y,KCl,100
12.05,sam,wt,f,4,0,0,0,0,1,0,0,y,KCl,100
12.05,sam,wt,m,1,0,0,0,0,0,0,0,y,KCl,100
12.05,sam,wt,m,2,0,0,0,0,1,0,0,y,KCl,100
12.05,sam,wt,m,3,0,0,0,0,0,0,0,y,KCl,100
12.05,sam,wt,m,4,0,0,0,0,0,0,0,y,KCl,100
12.05,,BC_12_Short_R1,m,1,0,0,0,0,0,0,0,y,KCl,100
12.05,,BC_12_Short_R1,m,2,0,1,0,0,1,0,0,y,KCl,100
12.05,,BC_12_Short_R1,m,3,0,0,0,0,0,0,0,y,KCl,100
12.05,,BC_12_Short_R1,m,4,0,0,0,0,0,0,0,y,KCl,100
12.05,,BC_12_Short_R1,m,5,0,0,0,0,0,0,0,y,KCl,100
12.05,,BC_12_Short_R1,m,6,0,0,0,0,0,0,0,y,KCl,100
12.05,,BC_12_Short_R1,m,7,0,0,0,0,0,0,0,y,KCl,100
12.05,,BC_12_Short_R1,m,8,0,0,0,0,0,0,0,y,KCl,100
12.05,,BC_12_Short_R1,f,1,0,0,0,0,0,0,0,y,KCl,100
12.05,,BC_12_Short_R1,f,2,0,0,0,0,0,0,0,y,KCl,100
12.05,,BC_12_Short_R1,f,3,0,0,0,0,0,0,0,y,KCl,100
12.05,,BC_12_Short_R1,f,4,0,0,0,0,0,0,0,y,KCl,100
12.05,,BC_12_Short_R1,f,5,0,0,0,0,0,0,0,y,KCl,100
12.05,,BC_12_Short_R1,f,6,0,0,0,0,0,0,0,y,KCl,100
12.05,ore,sde3,m,1,0,0,0,0,0,0,0,y,KCl,100
12.05,ore,sde3,m,2,0,1,0,0,0,0,0,y,KCl,100
12.05,ore,sde3,m,3,0,0,0,0,0,0,1,y,KCl,100
12.05,ore,sde3,m,4,1,1,0,0,1,1,1,y,KCl,100
12.05,ore,sde3,m,5,0,1,0,0,1,0,0,y,KCl,100
12.05,ore,sde3,m,6,0,1,0,0,1,1,0,y,KCl,100
12.05,ore,sde3,m,7,1,1,0,0,1,0,0,y,KCl,100
12.05,ore,sde3,m,8,0,1,0,0,0,0,0,y,KCl,100
12.05,ore,sde3,f,1,0,0,0,0,0,0,0,y,KCl,100
12.05,ore,sde3,f,2,1,0,1,0,0,0,0,y,KCl,100
12.05,ore,sde3,f,3,0,0,0,1,0,0,0,y,KCl,100
12.05,ore,sde3,f,4,1,1,1,0,0,0,0,y,KCl,100
12.05,ore,sde3,f,5,0,1,1,0,1,1,1,y,KCl,100
12.05,ore,sde3,f,6,0,0,0,0,0,0,0,y,KCl,100
12.05,ore,sde3,f,7,0,0,0,0,0,0,0,y,KCl,100
12.05,ore,sde3,f,8,0,0,0,0,0,0,0,y,KCl,100
12.05,ore,wt,f,1,0,0,0,0,1,0,0,y,KCl,100
12.05,ore,wt,f,2,0,0,0,0,0,0,0,y,KCl,100
12.05,ore,wt,f,3,0,0,0,0,0,0,0,y,KCl,100
12.05,ore,wt,f,4,0,0,0,0,0,0,0,y,KCl,100
12.05,ore,wt,f,5,0,1,0,0,0,0,0,y,KCl,100
12.05,ore,wt,f,6,0,1,0,0,1,0,1,y,KCl,100
12.05,ore,wt,f,7,0,0,0,0,0,0,0,y,KCl,100
12.05,ore,wt,f,8,0,0,0,0,0,0,0,y,KCl,100
12.05,ore,wt,m,1,0,0,0,0,0,0,0,y,KCl,100
12.05,ore,wt,m,2,0,0,0,0,0,0,0,y,KCl,100
12.05,ore,wt,m,3,0,1,1,1,1,1,0,y,KCl,100
12.05,ore,wt,m,4,0,0,0,0,0,0,0,y,KCl,100
12.05,ore,wt,m,5,0,1,0,0,1,0,0,y,KCl,100
12.05,ore,wt,m,6,0,1,0,0,0,0,0,y,KCl,100
12.05,ore,wt,m,7,0,1,0,0,1,0,0,y,KCl,100
12.05,ore,wt,m,8,0,1,1,0,1,0,0,y,KCl,100
12.06,sam,sde3,f,1,0,0,0,0,1,0,1,n,KCl,100
12.06,sam,sde3,f,2,0,1,1,0,1,0,0,n,KCl,100
12.06,sam,sde3,f,3,0,0,0,0,0,0,0,n,KCl,100
12.06,sam,sde3,m,1,1,1,1,1,1,0,1,n,KCl,100
12.06,sam,sde3,m,2,1,0,0,1,1,0,1,n,KCl,100
12.06,sam,sde3,m,3,0,0,0,0,1,0,0,n,KCl,100
12.06,sam,sde3,m,4,0,0,0,1,1,0,0,n,KCl,100
12.06,sam,sde3,m,5,0,0,0,0,0,0,0,n,KCl,100
12.06,sam,sde3,m,6,0,0,0,0,0,0,0,n,KCl,100
12.06,sam,wt,m,1,0,0,0,0,0,0,0,n,KCl,100
12.06,sam,wt,m,2,0,0,0,0,0,0,0,n,KCl,100
12.06,sam,wt,m,3,0,0,0,0,0,0,0,n,KCl,100
12.06,sam,wt,m,4,0,0,0,0,0,0,0,n,KCl,100
12.06,sam,wt,m,5,0,0,0,0,0,0,0,n,KCl,100
12.06,sam,wt,m,6,0,0,0,0,0,0,0,n,KCl,100
12.06,sam,wt,f,1,0,1,1,0,1,1,0,n,KCl,100
12.06,sam,wt,f,2,0,0,0,0,1,0,0,n,KCl,100
12.06,sam,wt,f,3,0,1,0,0,0,0,0,n,KCl,100
12.06,sam,wt,f,4,0,0,0,0,0,0,0,n,KCl,100
12.06,,BC_20_Long_R1,f,1,0,0,0,0,1,0,0,n,KCl,100
12.06,,BC_20_Long_R1,f,2,0,1,1,1,1,1,1,n,KCl,100
12.06,,BC_20_Long_R1,f,3,1,1,1,0,1,1,0,n,KCl,100
12.06,,BC_20_Long_R1,f,4,0,0,0,0,0,0,0,n,KCl,100
12.06,,BC_20_Long_R1,f,5,1,1,1,0,1,1,1,n,KCl,100
12.06,,BC_20_Long_R1,m,1,0,1,0,0,1,1,0,n,KCl,100
12.06,,BC_20_Long_R1,m,2,1,1,1,1,1,1,1,n,KCl,100
12.06,,BC_20_Long_R1,m,3,0,1,1,1,1,1,1,n,KCl,100
12.06,,BC_20_Long_R1,m,4,0,1,0,1,0,0,0,n,KCl,100
12.06,,BC_20_Long_R1,m,5,1,1,1,0,1,0,1,n,KCl,100
12.06,ore,wt,m,1,0,0,1,0,1,0,0,n,KCl,100
12.06,ore,wt,m,2,0,0,0,0,0,0,0,n,KCl,100
12.06,ore,wt,m,3,0,1,0,0,1,0,0,n,KCl,100
12.06,ore,wt,m,4,0,0,0,0,0,0,0,n,KCl,100
12.06,ore,wt,m,5,0,1,0,0,0,0,0,n,KCl,100
12.06,ore,wt,f,1,0,1,0,0,0,1,0,n,KCl,100
12.06,ore,wt,f,2,0,0,0,0,0,0,1,n,KCl,100
12.06,ore,wt,f,3,0,1,0,0,1,0,0,n,KCl,100
12.06,ore,wt,f,4,0,0,0,0,0,0,0,n,KCl,100
12.06,ore,wt,f,5,0,1,0,0,0,1,0,n,KCl,100
