Time,Background,Allele,Sex,Fly #,h201,SOR,100mM sucrose 1,SOR,100mM KCl 1,SOR,h20 2,SOR,100mM sucrose 2,SOR,100mM KCl 2,SOR,h20 3,SOR,Sucrose before salt,PERA group
9,ore,sde3,m,1,0,0,1,S,0,0,0,0,0,0,0,0,0,0,y,sde3
9,ore,wt,m,1,0,0,1,S,1,w,0,0,0,0,0,0,0,0,y,sde3
9,ore,wt,m,2,0,0,1,S,0,0,1,S,1,S,0,0,0,0,y,sde3
9,ore,wt,m,3,0,0,1,S,0,0,0,0,1,S,0,0,0,0,y,sde3
9,ore,sde3,f,1,0,0,1,S,0,0,0,0,1,S,0,0,0,0,y,sde3
9,ore,sde3,f,2,0,0,0,0,0,0,0,0,0,0,0,0,0,0,y,sde3
9,ore,sde3,f,3,0,0,1,S,0,0,0,0,0,0,0,0,0,0,y,sde3
9,ore,sde3,f,4,0,0,0,0,0,0,0,0,1,S,0,0,0,0,y,sde3
9,ore,sde3,f,5,0,0,1,S,1,w,0,0,1,S,0,0,0,0,y,sde3
9,ore,wt,f,1,0,0,0,0,0,0,0,0,0,0,0,0,0,0,y,sde3
9,ore,wt,f,2,0,0,1,S,0,0,0,0,1,S,0,0,0,0,y,sde3
9,ore,wt,f,3,0,0,1,S,0,0,0,0,0,0,0,0,0,0,y,sde3
9,sam,sde3,m,1,0,0,0,0,0,0,0,0,1,w,1,w,0,0,y,sde3
9,sam,sde3,m,2,0,0,1,w,1,w,0,0,1,w,1,w,0,0,y,sde3
9,sam,sde3,m,3,0,0,0,0,0,0,0,0,0,0,0,0,0,0,y,sde3
9,sam,sde3,m,4,0,0,1,S,1,w,0,0,1,S,1,S,0,0,y,sde3
9,sam,sde3,m,5,0,0,0,0,0,0,0,0,0,0,1,w,0,0,y,sde3
9,sam,sde3,m,6,0,0,1,S,1,w,0,0,0,0,0,0,0,0,y,sde3
9,sam,wt,m,1,0,0,0,0,0,0,0,0,0,0,0,0,0,0,y,sde3
9,sam,wt,m,2,0,0,0,0,0,0,0,0,0,0,0,0,0,0,y,sde3
9,sam,wt,m,3,0,0,0,0,0,0,0,0,0,0,0,0,0,0,y,sde3
9,sam,sde3,f,1,0,0,0,0,1,w,0,0,1,w,1,w,0,0,y,sde3
9,sam,sde3,f,2,0,0,0,0,1,w,0,0,1,w,0,0,0,0,y,sde3
9,sam,sde3,f,3,0,0,1,S,1,S,0,0,1,S,1,S,0,0,y,sde3
9,sam,sde3,f,4,0,0,0,0,1,S,0,0,1,S,1,S,0,0,y,sde3
9,sam,sde3,f,5,0,0,1,S,1,S,0,0,1,w,1,w,0,0,y,sde3
9,sam,wt,f,1,0,0,0,0,0,0,0,0,0,0,0,0,0,0,y,sde3
9,sam,wt,f,2,0,0,0,0,0,0,0,0,0,0,0,0,0,0,y,sde3
9,sam,wt,f,3,0,0,1,S,0,0,0,0,0,0,0,0,0,0,y,sde3
9,sam,wt,f,4,0,0,0,0,0,0,0,0,0,0,0,0,0,0,y,sde3
9,sam,wt,f,5,0,0,0,0,0,0,0,0,1,S,0,0,0,0,y,sde3
12,ore,wt,f,1,0,0,1,S,0,0,0,0,0,0,0,0,0,0,y,sde3
12,ore,wt,f,2,0,0,1,S,0,0,0,0,1,S,0,0,0,0,y,sde3
12,ore,wt,f,3,0,0,1,S,0,0,0,0,1,S,0,0,0,0,y,sde3
12,ore,sde3,f,1,0,0,1,S,0,0,0,0,1,S,0,0,0,0,y,sde3
12,ore,sde3,f,2,0,0,1,w,0,0,0,0,0,0,0,0,0,0,y,sde3
12,ore,sde3,f,3,1,S,0,0,0,0,0,0,1,S,1,S,0,0,y,sde3
12,ore,wt,m,1,0,0,1,S,0,0,0,0,0,0,0,0,0,0,y,sde3
12,ore,wt,m,2,0,0,1,w,0,0,0,0,1,w,1,w,0,0,y,sde3
12,ore,wt,m,3,0,0,1,w,0,0,0,0,0,0,0,0,0,0,y,sde3
12,ore,wt,m,4,1,S,0,0,1,S,0,0,0,0,1,S,0,0,y,sde3
12,sam,sde3,f,1,0,0,1,S,0,0,0,0,1,S,0,0,0,0,y,sde3
12,sam,sde3,f,2,0,0,0,0,0,0,0,0,0,0,0,0,0,0,y,sde3
12,sam,sde3,f,3,0,0,0,0,0,0,0,0,0,0,0,0,0,0,y,sde3
12,sam,wt,f,1,0,0,0,0,0,0,0,0,0,0,0,0,0,0,y,sde3
12,sam,wt,f,2,0,0,0,0,0,0,0,0,0,0,0,0,0,0,y,sde3
12,sam,wt,f,3,0,0,0,0,0,0,0,0,0,0,0,0,0,0,y,sde3
12,sam,wt,f,4,0,0,0,0,0,0,0,0,0,0,0,0,0,0,y,sde3
12,sam,wt,f,5,0,0,0,0,0,0,0,0,0,0,0,0,0,0,y,sde3
12,sam,sde3,m,1,0,0,1,S,0,0,0,0,1,S,0,0,0,0,y,sde3
12,sam,wt,m,1,0,0,0,0,0,0,0,0,0,0,0,0,0,0,y,sde3
12,sam,wt,m,2,0,0,1,S,0,0,0,0,0,0,0,0,0,0,y,sde3
12,sam,wt,m,3,0,0,1,w,0,0,0,0,0,0,0,0,0,0,y,sde3
12,sam,wt,m,4,0,0,0,0,0,0,0,0,0,0,0,0,0,0,y,sde3
